{
  "task_id": 3,
  "tag": "reg",
  "seed": 4,
  "epochs": 200,
  "batch_size": 64,
  "params": {
    "hidden_dim": 4,
    "lr": 0.1,
    "weight_decay": 0.0001
  },
  "summary_path": "C:\\Users\\leo\\OneDrive - University of Pisa\\Projects\\ML\\MLP_Model_Monk\\exported_models\\monk3\\mlp\\20251223-170336\\summary.json",
  "train": {
    "acc": 0.9590163934426229,
    "mse": 0.03915490674190834
  },
  "test": {
    "acc": 0.9398148148148148,
    "mse": 0.050537681138073956
  }
}