{
    "n_rows": 500,
    "n_columns": 16,
    "features": [
        "F_0",
        "F_1",
        "F_2",
        "F_3",
        "F_4",
        "F_5",
        "F_6",
        "F_7",
        "F_8",
        "F_9",
        "F_10",
        "F_11"
    ],
    "targets": [
        "TARGET_1",
        "TARGET_2",
        "TARGET_3",
        "TARGET_4"
    ],
    "missing_values": {
        "F_0": 0,
        "F_1": 0,
        "F_2": 0,
        "F_3": 0,
        "F_4": 0,
        "F_5": 0,
        "F_6": 0,
        "F_7": 0,
        "F_8": 0,
        "F_9": 0,
        "F_10": 0,
        "F_11": 0,
        "TARGET_1": 0,
        "TARGET_2": 0,
        "TARGET_3": 0,
        "TARGET_4": 0
    },
    "describe": {
        "F_0": {
            "count": 500.0,
            "mean": 2.192591477376316,
            "std": 10.286317292104304,
            "min": -14.186211052209831,
            "25%": -7.908817506530456,
            "50%": 1.332914967815054,
            "75%": 12.5230270563025,
            "max": 19.3483183061496
        },
        "F_1": {
            "count": 500.0,
            "mean": 1.9852013705550051,
            "std": 9.963656383999753,
            "min": -13.501159900859305,
            "25%": -7.851909266744899,
            "50%": 1.0981316609224585,
            "75%": 11.849832314875949,
            "max": 18.005390301034243
        },
        "F_2": {
            "count": 500.0,
            "mean": 2.964002727711781,
            "std": 16.469568203972173,
            "min": -22.965500926380837,
            "25%": -12.979454225298097,
            "50%": 0.66749112114316,
            "75%": 18.61194026821664,
            "max": 29.43649331725272
        },
        "F_3": {
            "count": 500.0,
            "mean": 1.253766047957169,
            "std": 8.798677909868719,
            "min": -12.14176780764106,
            "25%": -7.097901441602678,
            "50%": -0.09991418016170864,
            "75%": 9.995147738493218,
            "max": 15.307484738517132
        },
        "F_4": {
            "count": 500.0,
            "mean": -1.1579766727563157,
            "std": 5.8103823450188665,
            "min": -11.183458426835545,
            "25%": -6.725809745576812,
            "50%": -0.7742328151966071,
            "75%": 4.425013767608217,
            "max": 8.425326428152417
        },
        "F_5": {
            "count": 500.0,
            "mean": -1.047810318229694,
            "std": 1.4723230507624356,
            "min": -4.526355509974944,
            "25%": -2.0257794061477314,
            "50%": -1.15576718302782,
            "75%": 0.16137503806957132,
            "max": 1.987428695365272
        },
        "F_6": {
            "count": 500.0,
            "mean": 3.338380638477238,
            "std": 13.665819913146398,
            "min": -18.188538359046955,
            "25%": -10.082700658319744,
            "50%": 1.4682898701868234,
            "75%": 16.46617238091745,
            "max": 26.35118832994257
        },
        "F_7": {
            "count": 500.0,
            "mean": 3.7197107622572414,
            "std": 11.613106488776848,
            "min": -14.398807738946395,
            "25%": -7.309812613700838,
            "50%": 3.1038957389166515,
            "75%": 15.283985923940069,
            "max": 23.47593067153466
        },
        "F_8": {
            "count": 500.0,
            "mean": 1.8650916288995885,
            "std": 10.294105599248862,
            "min": -13.598290074430022,
            "25%": -8.317646931498622,
            "50%": 0.8349961216588767,
            "75%": 11.838149491436212,
            "max": 18.48826155490092
        },
        "F_9": {
            "count": 500.0,
            "mean": -2.010696696921715,
            "std": 12.548332284465996,
            "min": -21.86288300533906,
            "25%": -13.958565193220856,
            "50%": -1.1961290499983372,
            "75%": 10.357157131055255,
            "max": 17.075663936307407
        },
        "F_10": {
            "count": 500.0,
            "mean": -1.0999706909411808,
            "std": 6.748874078433574,
            "min": -12.030294663848547,
            "25%": -7.59768016588327,
            "50%": -0.5460276335446806,
            "75%": 5.671498448690887,
            "max": 9.078277434180636
        },
        "F_11": {
            "count": 500.0,
            "mean": 0.9341271224291433,
            "std": 7.190851553536094,
            "min": -10.442014254332989,
            "25%": -6.156145723455128,
            "50%": 0.28086877008077565,
            "75%": 8.039432521209296,
            "max": 12.621791710685702
        },
        "TARGET_1": {
            "count": 500.0,
            "mean": 0.3894282612824984,
            "std": 14.513931484952513,
            "min": -33.1278722410254,
            "25%": -10.3376364402062,
            "50%": 0.693273262573828,
            "75%": 11.584963274782925,
            "max": 31.5844178285789
        },
        "TARGET_2": {
            "count": 500.0,
            "mean": -0.32729523177065795,
            "std": 14.649640090205423,
            "min": -31.9476741713948,
            "25%": -12.4066668583673,
            "50%": 0.22267588724895446,
            "75%": 11.755557509136326,
            "max": 30.8544783545523
        },
        "TARGET_3": {
            "count": 500.0,
            "mean": -3.902642227232842,
            "std": 22.799457774960654,
            "min": -61.2639474160249,
            "25%": -19.16690192276655,
            "50%": -0.01905004681206,
            "75%": 10.176254912358525,
            "max": 42.2741258327435
        },
        "TARGET_4": {
            "count": 500.0,
            "mean": 3.5399204924751273,
            "std": 22.826462760790307,
            "min": -43.1537971048941,
            "25%": -9.37577420085647,
            "50%": 0.0225722524095185,
            "75%": 18.05429466067605,
            "max": 59.3452242211242
        }
    },
    "skewness": {
        "F_0": 0.04956458571288639,
        "F_1": 0.0483650206395145,
        "F_2": 0.05085972838972017,
        "F_3": 0.04649481564981261,
        "F_4": -0.0490800390486313,
        "F_5": -0.13181399509766292,
        "F_6": 0.05499622582053453,
        "F_7": 0.055009997591461975,
        "F_8": 0.05369930300798213,
        "F_9": -0.037135001489644326,
        "F_10": -0.04435560073983196,
        "F_11": 0.04182889763455713,
        "TARGET_1": -0.14691056208372846,
        "TARGET_2": -0.05199272335695629,
        "TARGET_3": -0.4448723159003584,
        "TARGET_4": 0.250709658563143
    },
    "kurtosis": {
        "F_0": -1.5946164645673,
        "F_1": -1.6164378472953658,
        "F_2": -1.6224850625814002,
        "F_3": -1.5928465178938003,
        "F_4": -1.5402529466116053,
        "F_5": -0.6646609091301894,
        "F_6": -1.5949733718773025,
        "F_7": -1.6020076727170751,
        "F_8": -1.6270628124630115,
        "F_9": -1.6042424690132946,
        "F_10": -1.6202823944418572,
        "F_11": -1.6087682959477687,
        "TARGET_1": -0.6848530127280932,
        "TARGET_2": -0.903037022094626,
        "TARGET_3": -0.2238664411049731,
        "TARGET_4": -0.30521829610177553
    },
    "vif": {
        "F_0": 56.21868336381957,
        "F_1": 68.94696450598603,
        "F_2": 73.68180783048965,
        "F_3": 58.13185600188442,
        "F_4": 29.044755796508305,
        "F_5": 2.2739117615873803,
        "F_6": 66.36844771203529,
        "F_7": 49.825113533425174,
        "F_8": 68.44377446970178,
        "F_9": 64.27726688381573,
        "F_10": 64.66069901217556,
        "F_11": 52.25547380381091
    },
    "correlation_feature_target": {
        "TARGET_1": {
            "F_0": -0.10480569649582573,
            "F_1": -0.08983939736294043,
            "F_2": -0.09108622982536098,
            "F_3": -0.09518955657784928,
            "F_4": 0.1168196398216639,
            "F_5": -0.01929817196629056,
            "F_6": -0.10994447328031706,