feature,VIF
F_0,56.21868336381957
F_1,68.94696450598603
F_2,73.68180783048965
F_3,58.13185600188442
F_4,29.044755796508305
F_5,2.2739117615873803
F_6,66.36844771203529
F_7,49.825113533425174
F_8,68.44377446970178
F_9,64.27726688381573
F_10,64.66069901217556
F_11,52.25547380381091
