{
    "best_config": {
        "hidden_units": 4,
        "learning_rate": 0.05,
        "weight_decay": 0.0
    },
    "final_train_MSE": 0.021732639274025547,
    "final_train_accuracy": 0.9836065573770492,
    "final_test_MSE": 0.04695580427845319,
    "final_test_accuracy": 0.9467592592592592
}