{
    "best_config": {
        "hidden_units": 4,
        "learning_rate": 0.05,
        "weight_decay": 0.0
    },
    "final_train_MSE": 0.06276794970035553,
    "final_train_accuracy": 0.9644970414201183,
    "final_test_MSE": 0.08042378549774488,
    "final_test_accuracy": 0.9375
}