{
  "epoch": [
    1,
    2,
    3,
    4,
    5,
    6,
    7,
    8,
    9,
    10,
    11,
    12,
    13,
    14,
    15,
    16,
    17,
    18,
    19,
    20,
    21,
    22,
    23,
    24,
    25,
    26,
    27,
    28,
    29,
    30,
    31,
    32,
    33,
    34,
    35,
    36,
    37,
    38,
    39,
    40,
    41,
    42,
    43,
    44,
    45,
    46,
    47
  ],
  "mse": [
    214.6437225341797,
    214.99293518066406,
    214.49359130859375,
    213.721923828125,
    211.5879669189453,
    212.67041015625,
    209.2092742919922,
    202.70306396484375,
    193.61227416992188,
    182.49859619140625,
    165.03213500976562,
    173.17108154296875,
    147.3502655029297,
    140.41885375976562,
    135.71800231933594,
    126.72158813476562,
    122.38934326171875,
    123.6402359008789,
    129.80796813964844,
    126.99378204345703,
    128.64242553710938,
    127.06340789794922,
    117.49932861328125,
    113.16744232177734,
    106.3912582397461,
    104.45967864990234,
    101.41885375976562,
    108.99956512451172,
    118.11363983154297,
    108.79979705810547,
    106.39014434814453,
    95.44540405273438,
    100.85235595703125,
    91.06623077392578,
    90.54967498779297,
    86.61202239990234,
    87.33067321777344,
    104.71080780029297,
    104.68386840820312,
    94.32965850830078,
    86.82957458496094,
    83.5472183227539,
    87.18990325927734,
    81.54429626464844,
    77.56132507324219,
    84.0414810180664,
    85.95831298828125
  ]
}